id,level,tier,criterion,clauses
A01,required,manual,"新增 UI 的归属区域唯一，能一句话说清它属于哪一列／哪一段","FL-MF-01"
A02,required,manual,"主流程必经操作不只在右栏，右栏折叠后主流程仍可完成","FL-MF-02"
A03,required,manual,"工具行只放作用于本次输入或本次发送的控件","FL-MF-03"
A04,required,semi,"`conversation.input.overlay` 中没有常驻 UI","FL-MF-04"
A05,required,semi,"没有用负 margin 或绝对定位越出所属区域覆盖相邻区域","FL-MF-08"
A06,required,auto,"`sidebar.footer.action` 中一个按钮 = 一个 list entry，无 wrapper","FL-MF-09 SL-MF-13"
A07,required,auto,"所用座位 id 全部来自 DSH 官方声明，未自造","SL-MF-01"
A08,required,semi,"座位作用域与会话依赖一致（无会话时不需要的用了 `session`）","SL-MF-02"
A09,required,auto,"每个 `list` 座位 entry 都显式声明了 order","SL-MF-03"
A10,required,auto,"order 与该座位现有占用者不撞车，且取现有最大值 +10","SL-MF-05"
A11,required,semi,"占用 `shadows-shipped-ui` 座位时有显式声明与关闭开关","SL-MF-08"
A12,required,manual,"未遮蔽官方唯一入口（发送、停止、设置总入口、关闭）","SL-MF-09"
A13,required,semi,"`keyed` 座位使用稳定 key，无时间戳／随机数","SL-MF-11"
A14,required,manual,"`chain` 座位未匹配时回落到官方实现","SL-MF-12"
A15,required,auto,"按钮高度只用 36 或 28，圆角只用 12 或 8","CT-MF-01"
A16,required,auto,"Button 内图标容器为 16×16，且未抬高按钮高度","CT-MF-02"
A17,required,semi,"Tag 未绑定点击动作","CT-MF-04"
A18,required,semi,"每个交互控件具备 default/hover/active/focus-visible/disabled 五态（官方控件未提供的不补，按 00-overview §4.1）","CT-MF-07"
A19,required,auto,"状态色全部来自 `--dsw-*` 语义 token","CT-MF-08"
A20,required,semi,"未自造官方已有控件的替代品（仿 switch／仿下拉／div 冒充按钮）","CT-MF-11"
A21,required,auto,"未用 CSS 覆盖官方控件的高度、圆角、字号","CT-MF-12"
A22,required,auto,"相邻独立控件的垂直间距 ≥16px","CT-MF-15"
A23,required,auto,"源码与构建产物中无硬编码色值（hex／rgb／hsl／具名色）","TK-MF-01"
A24,required,auto,"字号全部取自 `--dsw-font-*` 令牌","TK-MF-02"
A25,required,auto,"圆角只用官方尺度，未混用 r8/r10/r12","TK-MF-03"
A26,required,semi,"层级用背景分层表达，未用 box-shadow 承担层级","TK-MF-05"
A27,required,auto,"未假设浅色主题（无硬编码浅底或深字）","TK-MF-07"
A28,required,semi,"自定义色提供了 light/dark/Increase Contrast 三套变体","TK-MF-08"
A29,required,semi,"字号与行高成对使用","TK-MF-11"
A30,required,auto,"图标渲染尺寸落在官方尺寸族（16×16/14×14/8×14/8.5×10.5/20×20），无族外缩放","IC-MF-01"
A31,required,auto,"同一行／同一工具栏内图标尺寸一致","IC-MF-02"
A32,required,manual,"自绘图标与同族官方图标视觉重量一致（面积比偏差 ≤25%），描边在建议区间（16 族 1.25–1.5）","IC-MF-04 IC-MF-05"
A33,required,semi,"同一容器内未混用不同风格图标，未用 emoji 作语义图标","IC-MF-06 IC-MF-07"
A34,required,auto,"SVG 使用 `currentColor`，未内嵌固定色，未写死 width/height","IC-MF-08 IC-MF-12"
A35,required,manual,"不对称图标做了光学居中，有补偿依据","IC-MF-09"
A36,required,auto,"自绘图标按三段式命名，授权名／组件名／文件名一致","IC-MF-11"
A37,required,auto,"所有可交互元素命中区 ≥20×20，常规控件达 28×28，相邻命中区不重叠","AC-MF-01 AC-MF-03"
A38,required,auto,"含图标按钮的容器行高 ≥28","AC-MF-04"
A39,required,auto,"≤17pt 文本对比度 ≥4.5:1；≥18pt 或粗体 ≥3:1","AC-MF-05"
A40,required,semi,"颜色不是唯一信息载体（转灰度后状态仍可区分）","AC-MF-07"
A41,required,semi,"所有交互可 Tab 到达，Enter/Space 可触发，顺序与视觉一致","AC-MF-09"
A42,required,semi,"焦点可见且未以 `outline: none` 移除后无替代；焦点环为 2px + 2px 外偏移 + `--dsw-alias-brand-primary`","AC-MF-10 AC-MF-11"
A43,required,auto,"图标按钮有可访问名称，装饰图标 `aria-hidden`","AC-MF-14"
A44,required,semi,"浏览器放大 200% 时文本不截断、不重叠","AC-MF-15"
A45,required,manual,"窗口收窄时功能收起而非消失","AC-MF-16"
A46,required,semi,"新增 UI 声明了自己占的是中栏哪一档（占满／页签／浮层带），且与实际渲染位置一致","RG-MF-01"
A47,required,semi,"占用官方没有座位的区域（中栏留白带、把 `conversation.input.overlay` 当面板用）时，README 写明「官方无此座位」并给出降级行为","RG-MF-08 RG-MF-20"
A48,required,semi,"注册在 `sidebar.footer.action` 的控件与设置入口同行、共垂直中心线，尺寸沿用图标按钮族（图标 16×16、命中区 ≥28×28）","RG-MF-45"
A49,required,auto,"只画图形的图标按钮带可读名称；焦点环未被头部或底部容器裁切","RG-MF-47"
A50,required,semi,"浮在留白带上的卡片不改变正文宽度（宽度按余量算，不是把正文挤窄）","RG-MF-52"
B01,recommended,auto,"同一段内可见控件不超过 6 个","FL-RC-05"
B02,recommended,auto,"order 按建议分段（1..99 常规，按 +10 递增）","SL-RC-04"
B03,recommended,auto,"同一 bundle 在同一座位的 entry 相邻 order 间隔 ≥5","SL-RC-06"
B04,recommended,auto,"同一插件在同一座位不超过 3 个 entry","SL-AD-07"
B05,recommended,semi,"同一区域内主按钮至多 1 个","CT-RC-10"
B06,recommended,auto,"行内相邻控件间距 8px，组间 16px","CT-RC-14"
B07,recommended,auto,"未新增自造字号令牌","TK-RC-04"
B08,recommended,auto,"正文 ≥14、辅助 ≥13、最小 12，无小于 12px 文本","TK-RC-10"
B09,recommended,auto,"同一层级元素字号一致","TK-RC-12"
B10,recommended,auto,"16 图标配 14 号文字、14 图标配 12 号文字","IC-RC-03"
B11,recommended,semi,"未用固定 px 高度夹死文本容器","AC-RC-17"
B12,recommended,auto,"中栏浮层带的开合两侧（占位方与轨道）引用同一组时长与缓动变量","RG-MF-42"
B13,recommended,auto,"进入与退出时长对称","MO-RC-03"
B14,recommended,auto,"过渡时长取值落在 100/150/200/300/350 之内且不超过 350ms（沿用官方控件自带过渡值的除外）","MO-RC-01"
B15,recommended,auto,"交互过渡使用 `cubic-bezier(0.40, 0, 0.20, 1)`（沿用官方控件自带曲线的除外）","MO-RC-04"
B16,recommended,auto,"无无限循环动画（loading 除外）","MO-RC-07"
B17,recommended,auto,"未对 width/height/top/left/margin 等布局属性做动画","MO-RC-08"
B18,recommended,auto,"有 `prefers-reduced-motion: reduce` 分支，且以媒体查询或 matchMedia 监听实现","MO-RC-09 MO-RC-10"
B19,recommended,manual,"交互类动画实测或评估达到 60FPS","MO-RC-11"
B20,recommended,semi,"同屏并发动画不超过 2 组，且首屏无动画","MO-RC-12 MO-RC-13"
B21,recommended,semi,"留白带上的卡片 / 浮层宽度按 `min(273px, 余量 − 32px)` 算，且低于 240px 时折叠回会话头部","RG-RC-50"
B22,recommended,semi,"卡片表面沿用 Card 的贴地档（圆角 20、`--dsw-alias-bg-layer-2`、`--dsw-elevation-soft`），未自造阴影或描边","RG-RC-51"
